Index,ADC_Sample,Original_Signal,FFT_Real,FFT_Imag
          0,0000,0000,7fe77de,7ff1eca
          1,0000,0000,7febdb6,000bf52
          2,278d,278d,000377e,000e960
          3,4b3c,4b3c,000b1b5,7ff7a1c
          4,678d,678d,7ff4ffd,7fe7b3d
          5,79bc,79bc,7fdb83d,7ff6b35
          6,8000,8000,7fde298,0013a79
          7,79bc,79bc,7ff76e6,001b050
          8,678d,678d,0003d26,000625f
          9,4b3c,4b3c,7ff132c,7ff47d6
         10,278d,278d,7fd7706,0001d00
         11,0000,0000,7fd908b,0020a7f
         12,d873,d873,7ff4c98,002ba02
         13,b4c4,b4c4,0006ae9,001738b
         14,9873,9873,7ff7a9f,0001e2e
         15,8644,8644,7fdd0fb,000bd9c
         16,8000,8000,7fdce08,002b87c
         17,8644,8644,7ffacc3,00393b6
         18,9873,9873,0012061,0023f17
         19,b4c4,b4c4,0005bc0,000923d
         20,d873,d873,7fe86ab,000e719
         21,0000,0000,7fe4818,002ed5a
         22,278d,278d,00038fb,003fb0a
         23,4b3c,4b3c,001fb51,0029390
         24,678d,678d,0014f49,0007d69
         25,79bc,79bc,7ff25ed,00080d9
         26,8000,8000,7fe8280,002a97a
         27,79bc,79bc,000790a,0040ee7
         28,678d,678d,0029444,002a48b
         29,4b3c,4b3c,001fa36,00019a8
         30,278d,278d,7ff5100,7ffccfb
         31,0000,0000,7fe1cda,0024a46
         32,d873,d873,000213a,004515e
         33,b4c4,b4c4,002ca55,0030331
         34,9873,9873,00259f4,7ffe775
         35,8644,8644,7fefd9c,7ff3e54
         36,8001,8001,7fcfc2c,0026259
         37,8644,8644,7ff38fa,00590ba
         38,9873,9873,002fd90,0048a96
         39,b4c4,b4c4,00305f8,0007d69
         40,d873,d873,7fe8bb2,7ff2f60
         41,0000,0000,7fb215d,0039eae
         42,278d,278d,7fdfb61,0094435
         43,4b3c,4b3c,004766a,009000a
         44,678d,678d,00607b0,002bcb8
         45,79bc,79bc,7fee8c0,7ff98ae
         46,7fff,7fff,7f71ab5,008049e
         47,79bc,79bc,7fbc50b,01808c2
         48,678d,678d,0105973,0200de4
         49,4b3c,4b3c,027d34a,0139cab
         50,278d,278d,02f1d81,7f74870
         51,0000,0000,01f24a7,7de55fc
         52,d873,d873,003f6ba,7d97a9f
         53,b4c4,b4c4,7f16658,7e80d1d
         54,9873,9873,7f0fd7c,7fa673a
         55,8644,8644,7fb73f6,001f5fc
         56,8001,8001,002cfe9,7fdce5b
         57,8644,8644,000e383,7f7f317
         58,9873,9873,7fb0b2f,7f89ca7
         59,b4c4,b4c4,7f97068,7fe4bb2
         60,d873,d873,7fd6beb,001ec0e
         61,0000,0000,0018502,0002307
         62,278d,278d,001249e,7fc7c38
         63,4b3c,4b3c,7fdd30a,7fc01da
         64,678d,678d,7fc5ba0,7ff0042
         65,79bc,79bc,7fe83f4,0016d16
         66,7fff,7fff,00156cd,00075dd
         67,79bc,79bc,00168d2,7fdcbbb
         68,678d,678d,7ff1d75,7fcfb1f
         69,4b3c,4b3c,7fdb484,7fecfa9
         70,278d,278d,7feeb64,000ab1f
         71,0000,0000,000fbeb,0002bf8
         72,d873,d873,001345c,7fe24cd
         73,b4c4,b4c4,7ff72b0,7fd42c5
         74,9873,9873,7fe114a,7fe81cd
         75,8644,8644,7feb406,00017ac
         76,8001,8001,00045cd,7fff7bb
         77,8644,8644,0009467,7fe73e1
         78,9873,9873,7ff346e,7fda335
         79,b4c4,b4c4,7fde78b,7fe94ac
         80,d873,d873,7fe354f,00009dd
         81,0000,0000,7ff7c63,0003923
         82,278d,278d,7ffe9a8,7ff212c
         83,4b3c,4b3c,7fee549,7fe6ac8
         84,678d,678d,7fdc19c,7ff2a77
         85,79bc,79bc,7fde97e,00085d4
         86,7fff,7fff,7ff0cd2,000eb03
         87,79bc,79bc,7ffa389,0001ff2
         88,678d,678d,7fef9d6,7ff77a6
         89,4b3c,4b3c,7fe0beb,00004b3
         90,278d,278d,7fe2826,00138f0
         91,0000,0000,7ff3a4d,001b320
         92,d873,d873,7fff842,0011170
         93,b4c4,b4c4,7ff9d01,00061c6
         94,9873,9873,7fedfca,000b058
         95,8644,8644,7fef310,001ab61
         96,8001,8001,7ffeffd,0021da9
         97,8644,8644,000c230,001898d
         98,9873,9873,0009afc,000c341
         99,b4c4,b4c4,7fff974,000cdc7
        100,d873,d873,7fff4f7,001884e
        101,0000,0000,000ca39,001e5da
        102,278d,278d,0019475,00155bc
        103,4b3c,4b3c,00181e5,0007af6
        104,678d,678d,000e307,0004c58
        105,79bc,79bc,000b4fa,000d0fe
        106,7fff,7fff,001506f,0012162
        107,79bc,79bc,001fbfe,0009fad
        108,678d,678d,001e793,7ffc3c3
        109,4b3c,4b3c,0013c8d,7ff75d8
        110,278d,278d,000dea9,7ffdd24
        111,0000,0000,0013c5d,00034aa
        112,d873,d873,001c37c,7ffd61c
        113,b4c4,b4c4,001a970,7ff12f7
        114,9873,9873,000f681,7fec2a2
        115,8644,8644,00074e1,7ff25ab
        116,8001,8001,000a353,7ff9719
        117,8644,8644,0011319,7ff6c05
        118,9873,9873,00101a5,7fed38b
        119,b4c4,b4c4,0005ae2,7fe926d
        120,d873,d873,7ffcf3f,7fefd33
        121,0000,0000,7ffe867,7ff8cbe
        122,278d,278d,0005792,7ff9523
        123,4b3c,4b3c,00063f1,7ff26f7
        124,678d,678d,7ffe0d2,7fef358
        125,79bc,79bc,7ff64f0,7ff5e82
        126,7fff,7fff,7ff8009,7fffdbd
        127,79bc,79bc,0000000,000278c
        128,678d,678d,0003771,7ffd218
        129,4b3c,4b3c,7ffe4b2,7ff9a6e
        130,278d,278d,7ff8482,7fff10e
        131,0000,0000,7ffa996,000865d
        132,d873,d873,0003b08,000b6e0
        133,b4c4,b4c4,00098c8,000623d
        134,9873,9873,0007004,00011b0
        135,8644,8644,0002474,0003ec3
        136,8001,8001,0004865,000b406
        137,8644,8644,000da40,000d698
        138,9873,9873,00148ff,00073a7
        139,b4c4,b4c4,0013462,0000052
        140,d873,d873,000e8bb,7fffc95
        141,0000,0000,000f58e,0004b49
        142,278d,278d,0016e97,0005ca2
        143,4b3c,4b3c,001d390,7ffee39
        144,678d,678d,001bac2,7ff612f
        145,79bc,79bc,0015a7a,7ff3875
        146,7fff,7fff,0013db3,7ff6d38
        147,79bc,79bc,0018b6e,7ff7c1e
        148,678d,678d,001d551,7ff159c
        149,4b3c,4b3c,001ab93,7fe869d
        150,278d,278d,001301d,7fe51d4
        151,0000,0000,000e737,7fe8408
        152,d873,d873,00108a9,7fea736
        153,b4c4,b4c4,00138c0,7fe6113
        154,9873,9873,0010476,7fde9e1
        155,8644,8644,0007a2e,7fdc0d8
        156,8001,8001,000156b,7fe0411
        157,8644,8644,0001bcf,7fe4b2b
        158,9873,9873,00043f2,7fe339e
        159,b4c4,b4c4,00019c2,7fde1a5
        160,d873,d873,7ff9965,7fdce3a
        161,0000,0000,7ff3338,7fe261c
        162,278d,278d,7ff3783,7fe8fbb
        163,4b3c,4b3c,7ff6e84,7fea28e
        164,678d,678d,7ff651d,7fe6fb9
        165,79bc,79bc,7ff05d2,7fe686e
        166,7fff,7fff,7feb438,7fec632
        167,79bc,79bc,7fec858,7ff3efa
        168,678d,678d,7ff1b2c,7ff6752
        169,4b3c,4b3c,7ff3c51,7ff3efb
        170,278d,278d,7ff068e,7ff2e18
        171,0000,0000,7fecf33,7ff7940
        172,d873,d873,7fef355,7ffe6d3
        173,b4c4,b4c4,7ff5c6b,0000b83
        174,9873,9873,7ff9ede,7ffd795
        175,8644,8644,7ff87c3,7ffa926
        176,8001,8001,7ff5db4,7ffce3f
        177,8644,8644,7ff80ef,0001e19
        178,9873,9873,7ffeaee,0003047
        179,b4c4,b4c4,000372c,7ffe72f
        180,d873,d873,00027b6,7ff9626
        181,0000,0000,7fff484,7ff9277
        182,278d,278d,7ffff52,7ffc412
        183,4b3c,4b3c,0005128,7ffc74a
        184,678d,678d,0008f0a,7ff7261
        185,79bc,79bc,000723a,7ff0c8a
        186,7fff,7fff,00024bd,7feefeb
        187,79bc,79bc,00007f5,7ff140a
        188,678d,678d,00033c0,7ff1b9a
        189,4b3c,4b3c,0005802,7fed1c6
        190,278d,278d,0002808,7fe7072
        191,0000,0000,7ffbfb5,7fe53c6
        192,d873,d873,7ff7e4c,7fe81a6
        193,b4c4,b4c4,7ff88ee,7fea3ee
        194,9873,9873,7ff9baf,7fe7c07
        195,8644,8644,7ff653e,7fe358f
        196,8001,8001,7fef3a4,7fe2c2b
        197,8644,8644,7fea1bd,7fe727c
        198,9873,9873,7fe9ff6,7feba96
        199,b4c4,b4c4,7feb68b,7febdad
        200,0000,0000,7fe9175,7fe98e8
        201,0000,0000,7fe3091,7fea513
        202,0000,0000,7fde813,7ff0063
        203,0000,0000,7fdf16e,7ff6662
        204,0000,0000,7fe211e,7ff8a54
        205,0000,0000,7fe217f,7ff7b16
        206,0000,0000,7fde4fe,7ff8d2d
        207,0000,0000,7fdb6d8,7ffe97b
        208,0000,0000,7fdd79c,0005650
        209,0000,0000,7fe27bc,0008364
        210,0000,0000,7fe51e0,0007261
        211,0000,0000,7fe3ba0,00072a7
        212,0000,0000,7fe2686,000b6a9
        213,0000,0000,7fe5816,00110f5
        214,0000,0000,7febced,0013008
        215,0000,0000,7ff023a,00109c1
        216,0000,0000,7ff0226,000e72b
        217,0000,0000,7fef3ec,0010354
        218,0000,0000,7ff20c2,0013d8e
        219,0000,0000,7ff81e5,0014596
        220,0000,0000,7ffc900,0010643
        221,0000,0000,7ffc714,000c14f
        222,0000,0000,7ffa8c1,000b8ad
        223,0000,0000,7ffb9af,000d87a
        224,0000,0000,7ffffd9,000d349
        225,0000,0000,000339a,00089bd
        226,0000,0000,0001e7d,00034b7
        227,0000,0000,7ffe2b2,0001ae7
        228,0000,0000,7ffccff,00034b8
        229,0000,0000,7ffef88,0003872
        230,0000,0000,0000ad4,7fffd4e
        231,0000,0000,7ffe2c2,7ffb1eb
        232,0000,0000,7ff8ebe,7ff9f36
        233,0000,0000,7ff5aca,7ffc8f4
        234,0000,0000,7ff6426,7ffea2a
        235,0000,0000,7ff7445,7ffd13f
        236,0000,0000,7ff4abd,7ffa197
        237,0000,0000,7fef3aa,7ffa43d
        238,0000,0000,7feb862,7ffe74b
        239,0000,0000,7febf3d,0002b96
        240,0000,0000,7fedb18,000381a
        241,0000,0000,7fec847,0002487
        242,0000,0000,7fe873e,000385f
        243,0000,0000,7fe5c49,0008b53
        244,0000,0000,7fe7578,000e54f
        245,0000,0000,7feaede,00107ea
        246,0000,0000,7fec2d2,000ff45
        247,0000,0000,7fea624,0011047
        248,0000,0000,7fe9654,0015bd1
        249,0000,0000,7fec79e,001b275
        250,0000,0000,7ff1f96,001d263
        251,0000,0000,7ff5810,001bd2f
        252,0000,0000,7ff5afc,001b41a
        253,0000,0000,7ff5e39,001e0bd
        254,0000,0000,7ff9aa6,0021d8c
        255,0000,0000,0000000,002279e
        256,0000,0000,000498d,001f693
        257,0000,0000,00057b3,001c73b
        258,0000,0000,0005813,001caf7
        259,0000,0000,000877c,001e6cb
        260,0000,0000,000e021,001d889
        261,0000,0000,001210e,0018e96
        262,0000,0000,00122bf,0013ff6
        263,0000,0000,0010a8a,001242a
        264,0000,0000,00117e9,0012b1a
        265,0000,0000,0015016,0011428
        266,0000,0000,0017771,000c4fd
        267,0000,0000,001603b,0006d65
        268,0000,0000,0012736,000491a
        269,0000,0000,0010d62,0005216
        270,0000,0000,001228c,0004a67
        271,0000,0000,001319c,0000f3f
        272,0000,0000,00107fd,7ffc7bd
        273,0000,0000,000b92c,7ffb1a7
        274,0000,0000,00085e6,7ffd060
        275,0000,0000,0008791,7ffe96a
        276,0000,0000,000905b,7ffd22d
        277,0000,0000,000697b,7ffa817
        278,0000,0000,0001cd6,7ffa919
        279,0000,0000,7ffe8c2,7ffe17f
        280,0000,0000,7ffeea1,0001b59
        281,0000,0000,0000849,000255f
        282,0000,0000,7fffb7b,00012ff
        283,0000,0000,7ffc7fc,0002137
        284,0000,0000,7ffa7d5,00064aa
        285,0000,0000,7ffc2fb,000ad6d
        286,0000,0000,7fffae5,000c576
        287,0000,0000,0001348,000b660
        288,0000,0000,0000189,000bb3f
        289,0000,0000,7fffa18,000f11c
        290,0000,0000,0002a26,0012f89
        291,0000,0000,0007b68,0013d6a
        292,0000,0000,000b0cb,0011b90
        293,0000,0000,000b658,0010240
        294,0000,0000,000b9ea,0011660
        295,0000,0000,000ed1b,0013852
        296,0000,0000,0014279,0012e05
        297,0000,0000,0017e43,000ef9c
        298,0000,0000,0018434,000b1f4
        299,0000,0000,0017b61,000a0df
        300,0000,0000,0019914,000a608
        301,0000,0000,001d94e,00087be
        302,0000,0000,0020398,0003627
        303,0000,0000,001f4d4,7ffe127
        304,0000,0000,001cd2a,7ffb9f7
        305,0000,0000,001c4a0,7ffb393
        306,0000,0000,001e10f,7ff9594
        307,0000,0000,001eeae,7ff4817
        308,0000,0000,001c50c,7fef493
        309,0000,0000,0017cc1,7fecff4
        310,0000,0000,0014f6a,7fed5e2
        311,0000,0000,0014c34,7fed008
        312,0000,0000,001452d,7fe9eab
        313,0000,0000,0010d44,7fe636a
        314,0000,0000,000b507,7fe54d7
        315,0000,0000,00075c4,7fe76da
        316,0000,0000,0006703,7fe95ea
        317,0000,0000,0006124,7fe8b27
        318,0000,0000,0003311,7fe6f83
        319,0000,0000,7ffe49a,7fe79c4
        320,0000,0000,7ffacb9,7feb5a1
        321,0000,0000,7ffaa07,7fef38b
        322,0000,0000,7ffbb4e,7ff06b6
        323,0000,0000,7ffac4e,7feff1b
        324,0000,0000,7ff7b6f,7ff12e3
        325,0000,0000,7ff5bd4,7ff5559
        326,0000,0000,7ff71c0,7ff9c5f
        327,0000,0000,7ffa2b6,7ffb6f3
        328,0000,0000,7ffb869,7ffaca4
        329,0000,0000,7ffa7e2,7ffb207
        330,0000,0000,7ff9f41,7ffe216
        331,0000,0000,7ffc792,00019ac
        332,0000,0000,0000da8,0002552
        333,0000,0000,0003aaa,00004b4
        334,0000,0000,0003b3b,7ffea1e
        335,0000,0000,00037a0,7fff7e9
        336,0000,0000,0005d1d,00012eb
        337,0000,0000,000a0b0,00006e4
        338,0000,0000,000ccb7,7ffcbd7
        339,0000,0000,000c69f,7ff911c
        340,0000,0000,000b0da,7ff7f31
        341,0000,0000,000bc26,7ff836a
        342,0000,0000,000e646,7ff69cd
        343,0000,0000,000fcab,7ff230e
        344,0000,0000,000deec,7fed9c2
        345,0000,0000,000a92f,7febb75
        346,0000,0000,0008ede,7febd8e
        347,0000,0000,00096d6,7fead39
        348,0000,0000,00092ed,7fe739b
        349,0000,0000,0005dd1,7fe3532
        350,0000,0000,0000cde,7fe22a4
        351,0000,0000,7ffd4d5,7fe3934
        352,0000,0000,7ffc510,7fe4786
        353,0000,0000,7ffb4b1,7fe2f8e
        354,0000,0000,7ff79fc,7fe0e73
        355,0000,0000,7ff22fa,7fe1625
        356,0000,0000,7fee3ca,7fe4b55
        357,0000,0000,7fed350,7fe7f1f
        358,0000,0000,7fece41,7fe8cd4
        359,0000,0000,7fea70b,7fe89a4
        360,0000,0000,7fe6360,7fea79f
        361,0000,0000,7fe3523,7fef293
        362,0000,0000,7fe396b,7ff3f7a
        363,0000,0000,7fe52a3,7ff6438
        364,0000,0000,7fe5038,7ff6de6
        365,0000,0000,7fe2f0d,7ff8e1a
        366,0000,0000,7fe1d54,7ffd7c3
        367,0000,0000,7fe3d1f,000251c
        368,0000,0000,7fe7719,0004863
        369,0000,0000,7fe98c4,000471d
        370,0000,0000,7fe9681,0005186
        371,0000,0000,7fe99a3,00081e3
        372,0000,0000,7fec8df,000b90b
        373,0000,0000,7ff13ad,000c751
        374,0000,0000,7ff471c,000aaf0
        375,0000,0000,7ff4ff6,0009269
        376,0000,0000,7ff528c,0009e9e
        377,0000,0000,7ff7951,000b80c
        378,0000,0000,7ffbb91,000ae4c
        379,0000,0000,7ffe806,00078cc
        380,0000,0000,7ffe4d4,00042ce
        381,0000,0000,7ffd0d1,000332f
        382,0000,0000,7ffd9fa,0003a2a
        383,0000,0000,0000000,000278c
        384,0000,0000,00014a1,7ffebd2
        385,0000,0000,7fff8d1,7ffadc5
        386,0000,0000,7ffc59f,7ff986b
        387,0000,0000,7ffab6b,7ffa3aa
        388,0000,0000,7ffb27a,7ffa004
        389,0000,0000,7ffb0b8,7ff76ef
        390,0000,0000,7ff8270,7ff492a
        391,0000,0000,7ff3a67,7ff4476
        392,0000,0000,7ff0a1a,7ff6799
        393,0000,0000,7ff01a2,7ff84ac
        394,0000,0000,7fefb8a,7ff7e28
        395,0000,0000,7fed030,7ff6dce
        396,0000,0000,7fe8b23,7ff8269
        397,0000,0000,7fe5d0c,7ffc187
        398,0000,0000,7fe5ca4,7ffffcd
        399,0000,0000,7fe69db,000196e
        400,0000,0000,7fe593a,00020a3
        401,0000,0000,7fe2e3b,0004454
        402,0000,0000,7fe1735,00090ee
        403,0000,0000,7fe3072,000dec8
        404,0000,0000,7fe5f2e,001053f
        405,0000,0000,7fe7504,0010f20
        406,0000,0000,7fe6d36,0012aeb
        407,0000,0000,7fe723e,0016be1
        408,0000,0000,7fea53c,001af95
        409,0000,0000,7fef13f,001ca62
        410,0000,0000,7ff2636,001c011
        411,0000,0000,7ff375f,001bdff
        412,0000,0000,7ff4ae5,001de57
        413,0000,0000,7ff85f0,002054a
        414,0000,0000,7ffda56,0020572
        415,0000,0000,000182b,001dc1a
        416,0000,0000,0002b77,001b498
        417,0000,0000,000359f,001afa1
        418,0000,0000,0005fb6,001b8a4
        419,0000,0000,000a32e,001a1c6
        420,0000,0000,000d193,001618b
        421,0000,0000,000d172,001205a
        422,0000,0000,000bede,0010432
        423,0000,0000,000c65a,000ffd0
        424,0000,0000,000e953,000e583
        425,0000,0000,000fcb2,000a526
        426,0000,0000,000e1e5,0006269
        427,0000,0000,000afb9,000472e
        428,0000,0000,00094c1,0004d19
        429,0000,0000,0009a99,000473b
        430,0000,0000,0009a11,0001e78
        431,0000,0000,0007076,7fff0a9
        432,0000,0000,0002e27,7ffe9c4
        433,0000,0000,0000294,0000a12
        434,0000,0000,7fffe80,000260f
        435,0000,0000,7ffff87,0001fe8
        436,0000,0000,7ffdeb7,0000e9d
        437,0000,0000,7ffa55d,0001ef2
        438,0000,0000,7ff81ce,00057d0
        439,0000,0000,7ff8b24,000901e
        440,0000,0000,7ffa38b,000a452
        441,0000,0000,7ffa089,000a427
        442,0000,0000,7ff83d5,000bcbd
        443,0000,0000,7ff78e0,000fb45
        444,0000,0000,7ff9bf9,0013a9f
        445,0000,0000,7ffd48f,0015313
        446,0000,0000,7fff55f,0014d5b
        447,0000,0000,7fff7eb,00155fe
        448,0000,0000,000043c,001812a
        449,0000,0000,0003af0,001af28
        450,0000,0000,0008949,001b54d
        451,0000,0000,000c0ad,001960a
        452,0000,0000,000d332,0017cb1
        453,0000,0000,000e476,0018441
        454,0000,0000,0011943,0019375
        455,0000,0000,001658b,0017e61
        456,0000,0000,0019b06,00140f5
        457,0000,0000,001a55c,00104d2
        458,0000,0000,001a3aa,000eaee
        459,0000,0000,001be7e,000e0f6
        460,0000,0000,001f142,000ba8a
        461,0000,0000,0020faf,0006d34
        462,0000,0000,001ffc3,0001f5c
        463,0000,0000,001dc0a,7fff6f5
        464,0000,0000,001d031,7ffe8b5
        465,0000,0000,001dfb4,7ffc84a
        466,0000,0000,001e18e,7ff8467
        467,0000,0000,001b708,7ff3eab
        468,0000,0000,001751c,7ff2055
        469,0000,0000,0014972,7ff24b9
        470,0000,0000,0013f4b,7ff2068
        471,0000,0000,00131a4,7fefb25
        472,0000,0000,000fd9a,7fed073
        473,0000,0000,000b1b9,7fecb83
        474,0000,0000,0007c28,7feede8
        475,0000,0000,0006ee8,7ff0da7
        476,0000,0000,000695a,7ff0c27
        477,0000,0000,0004498,7fefe29
        478,0000,0000,0000819,7ff0f75
        479,0000,0000,7ffe07c,7ff4817
        480,0000,0000,7ffe59c,7ff80b6
        481,0000,0000,7fffb80,7ff956b
        482,0000,0000,7fff7cf,7ff93dd
        483,0000,0000,7ffda14,7ffa805
        484,0000,0000,7ffcc39,7ffe0a2
        485,0000,0000,7ffeafa,0001a60
        486,0000,0000,0001f52,0002d6e
        487,0000,0000,0003cae,00020e5
        488,0000,0000,0003a99,000204b
        489,0000,0000,0003f52,000412e
        490,0000,0000,0006bf2,00065c8
        491,0000,0000,000af86,00063ea
        492,0000,0000,000dc1f,0003c57
        493,0000,0000,000e26c,000198f
        494,0000,0000,000e472,00017bf
        495,0000,0000,0010753,0001faa
        496,0000,0000,001410c,00005fa
        497,0000,0000,0016463,7ffc527
        498,0000,0000,0015bc6,7ff859b
        499,0000,0000,00144ec,7ff6922
        500,0000,0000,00148a8,7ff5fb5
        501,0000,0000,001648a,7ff3d80
        502,0000,0000,0016dc8,7fef67f
        503,0000,0000,0014999,7feaf76
        504,0000,0000,00110c2,7fe8ed9
        505,0000,0000,000ef43,7fe8b22
        506,0000,0000,000ea6c,7fe78b9
        507,0000,0000,000dab8,7fe44c7
        508,0000,0000,000a0e8,7fe0f2e
        509,0000,0000,0005045,7fe011d
        510,0000,0000,000165f,7fe178f
        511,0000,0000,0000000,7fe278e
        512,0000,0000,7ffe9a0,7fe177a
        513,0000,0000,7ffafb6,7fe010c
        514,0000,0000,7ff5f12,7fe0f16
        515,0000,0000,7ff254b,7fe44c4
        516,0000,0000,7ff1595,7fe78b5
        517,0000,0000,7ff10c1,7fe8b1f
        518,0000,0000,7feef32,7fe8ee5
        519,0000,0000,7feb668,7feaf72
        520,0000,0000,7fe9234,7fef67f
        521,0000,0000,7fe9b70,7ff3d96
        522,0000,0000,7feb768,7ff5fd0
        523,0000,0000,7febb23,7ff692f
        524,0000,0000,7fea43e,7ff8594
        525,0000,0000,7fe9ba9,7ffc51d
        526,0000,0000,7febef7,00005e4
        527,0000,0000,7fef8a9,0001fa4
        528,0000,0000,7ff1b8e,00017c0
        529,0000,0000,7ff1d89,0001996
        530,0000,0000,7ff23db,0003c5f
        531,0000,0000,7ff507c,00063eb
        532,0000,0000,7ff9407,00065cd
        533,0000,0000,7ffc0bc,0004134
        534,0000,0000,7ffc579,0002052
        535,0000,0000,7ffc357,00020e8
        536,0000,0000,7ffe0b1,0002d69
        537,0000,0000,0001517,0001a63
        538,0000,0000,00033c4,7ffe0ac
        539,0000,0000,00025f8,7ffa80d
        540,0000,0000,0000836,7ff93d7
        541,0000,0000,0000480,7ff9564
        542,0000,0000,0001a60,7ff80c1
        543,0000,0000,0001f86,7ff481a
        544,0000,0000,7fff7ea,7ff0f74
        545,0000,0000,7ffbb67,7fefe21
        546,0000,0000,7ff96b0,7ff0c29
        547,0000,0000,7ff9114,7ff0dac
        548,0000,0000,7ff83d2,7feedf5
        549,0000,0000,7ff4e4e,7fecb7e
        550,0000,0000,7ff026c,7fed076
        551,0000,0000,7fece62,7fefb21
        552,0000,0000,7fec0b4,7ff2060
        553,0000,0000,7feb685,7ff24b2
        554,0000,0000,7fe8ae3,7ff2055
        555,0000,0000,7fe48fa,7ff3ea4
        556,0000,0000,7fe1e84,7ff8468
        557,0000,0000,7fe204a,7ffc854
        558,0000,0000,7fe2fc1,7ffe8bc
        559,0000,0000,7fe23f5,7fff706
        560,0000,0000,7fe0041,0001f80
        561,0000,0000,7fdf06c,0006d41
        562,0000,0000,7fe0ee1,000ba88
        563,0000,0000,7fe4193,000e0e2
        564,0000,0000,7fe5c5e,000eacf
        565,0000,0000,7fe5aa2,00104c5
        566,0000,0000,7fe64f2,00140fc
        567,0000,0000,7fe9a7e,0017e60
        568,0000,0000,7fee6bf,0019369
        569,0000,0000,7ff1b93,0018435
        570,0000,0000,7ff2cd1,0017cad
        571,0000,0000,7ff3f4a,0019600
        572,0000,0000,7ff76a9,001b55c
        573,0000,0000,7ffc502,001af27
        574,0000,0000,7fffbca,0018132
        575,0000,0000,0000816,00155fe
        576,0000,0000,0000aa8,0014d5c
        577,0000,0000,0002b7a,0015312
        578,0000,0000,000640d,0013aa3
        579,0000,0000,0008726,000fb47
        580,0000,0000,0007c41,000bcb7
        581,0000,0000,0005f72,000a427
        582,0000,0000,0005c80,000a44b
        583,0000,0000,00074e1,000901c
        584,0000,0000,0007e2a,00057d1
        585,0000,0000,0005aaa,0001ef3
        586,0000,0000,0002150,0000e8d
        587,0000,0000,0000074,0001fd6
        588,0000,0000,000016f,0002607
        589,0000,0000,7fffd5b,0000a17
        590,0000,0000,7ffd1d2,7ffe9cf
        591,0000,0000,7ff8f91,7fff0ac
        592,0000,0000,7ff65e7,0001e81
        593,0000,0000,7ff6573,0004741
        594,0000,0000,7ff6b46,0004d1c
        595,0000,0000,7ff504b,000472a
        596,0000,0000,7ff1e2a,0006261
        597,0000,0000,7ff0352,000a514
        598,0000,0000,7ff16ac,000e579
        599,0000,0000,7ff39af,000ffcc
        600,0000,0000,7ff4124,0010424
        601,0000,0000,7ff2ea1,0012049
        602,0000,0000,7ff2e6c,001617e
        603,0000,0000,7ff5cd5,001a1be
        604,0000,0000,7ffa03e,001b89a
        605,0000,0000,7ffca59,001afa2
        606,0000,0000,7ffd484,001b48e
        607,0000,0000,7ffe7d8,001dc17
        608,0000,0000,000258f,0020579
        609,0000,0000,0007a04,002053f
        610,0000,0000,000b51a,001de53
        611,0000,0000,000c8a0,001bdfb
        612,0000,0000,000d9d1,001c012
        613,0000,0000,0010ebd,001ca6c
        614,0000,0000,0015abb,001afa2
        615,0000,0000,0018dc7,0016be8
        616,0000,0000,00192c1,0012af8
        617,0000,0000,0018af0,0010f26
        618,0000,0000,001a0d7,001053e
        619,0000,0000,001cf8e,000dec7
        620,0000,0000,001e8c9,00090f7
        621,0000,0000,001d1c5,000445c
        622,0000,0000,001a6cf,00020a0
        623,0000,0000,0019621,000196e
        624,0000,0000,001a35a,7ffffdc
        625,0000,0000,001a2f6,7ffc195
        626,0000,0000,00174e9,7ff8262
        627,0000,0000,0012fe1,7ff6dc3
        628,0000,0000,0010479,7ff7e23
        629,0000,0000,000fe63,7ff84a7
        630,0000,0000,000f5d9,7ff6795
        631,0000,0000,000c58e,7ff4475
        632,0000,0000,0007d9b,7ff4931
        633,0000,0000,0004f43,7ff76f6
        634,0000,0000,0004d80,7ff9fff
        635,0000,0000,000548d,7ffa39d
        636,0000,0000,0003a5e,7ff9874
        637,0000,0000,000073a,7ffadc6
        638,0000,0000,7ffeb53,7ffebd5
        639,0000,0000,0000000,000278c
        640,0000,0000,0002613,0003a2e
        641,0000,0000,0002f38,0003332
        642,0000,0000,0001b3c,00042d2
        643,0000,0000,0001802,00078c3
        644,0000,0000,000446a,000ae46
        645,0000,0000,00086ae,000b813
        646,0000,0000,000ad70,0009ea4
        647,0000,0000,000b008,0009269
        648,0000,0000,000b8eb,000aafa
        649,0000,0000,000ec5e,000c75a
        650,0000,0000,001372b,000b915
        651,0000,0000,001665a,00081e2
        652,0000,0000,001697f,0005185
        653,0000,0000,001673e,0004719
        654,0000,0000,00188e7,0004860
        655,0000,0000,001c2ea,0002521
        656,0000,0000,001e2b6,7ffd7c7
        657,0000,0000,001d104,7ff8e1d
        658,0000,0000,001afc9,7ff6dea
        659,0000,0000,001ad6a,7ff642e
        660,0000,0000,001c6a1,7ff3f72
        661,0000,0000,001cadf,7fef28f
        662,0000,0000,0019ca9,7fea79e
        663,0000,0000,00158f9,7fe89a0
        664,0000,0000,00131bd,7fe8ce0
        665,0000,0000,0012ca8,7fe7f21
        666,0000,0000,0011c3a,7fe4b5d
        667,0000,0000,000dd14,7fe162c
        668,0000,0000,0008603,7fe0e71
        669,0000,0000,0004b59,7fe2f8b
        670,0000,0000,0003afa,7fe4782
        671,0000,0000,0002b2e,7fe3933
        672,0000,0000,7fff32f,7fe22ac
        673,0000,0000,7ffa238,7fe353a
        674,0000,0000,7ff6d15,7fe7393
        675,0000,0000,7ff6930,7fead32
        676,0000,0000,7ff7125,7febd91
        677,0000,0000,7ff56ca,7febb6e
        678,0000,0000,7ff211a,7fed9c8
        679,0000,0000,7ff0360,7ff2312
        680,0000,0000,7ff19cc,7ff69cc
        681,0000,0000,7ff43d9,7ff835d
        682,0000,0000,7ff4f22,7ff7f2a
        683,0000,0000,7ff3969,7ff9122
        684,0000,0000,7ff3363,7ffcbe1
        685,0000,0000,7ff5f55,00006e9
        686,0000,0000,7ffa2ec,00012ed
        687,0000,0000,7ffc861,7fff7e2
        688,0000,0000,7ffc4c6,7ffea0f
        689,0000,0000,7ffc55d,00004a9
        690,0000,0000,7fff24a,000254f
        691,0000,0000,0003868,00019b1
        692,0000,0000,00060c2,7ffe220
        693,0000,0000,0005822,7ffb20b
        694,0000,0000,00047a6,7ffacb2
        695,0000,0000,0005d4c,7ffb6f6
        696,0000,0000,0008e32,7ff9c5b
        697,0000,0000,000a434,7ff5556
        698,0000,0000,000848f,7ff12dd
        699,0000,0000,00053ab,7feff16
        700,0000,0000,00044b6,7ff06ba
        701,0000,0000,00055ea,7fef390
        702,0000,0000,000534c,7feb5b0
        703,0000,0000,0001b67,7fe79c4
        704,0000,0000,7ffcce0,7fe6f7e
        705,0000,0000,7ff9ed6,7fe8b2a
        706,0000,0000,7ff98ef,7fe95e7
        707,0000,0000,7ff8a3a,7fe76dd
        708,0000,0000,7ff4b02,7fe54d1
        709,0000,0000,7fef2c3,7fe6364
        710,0000,0000,7febae0,7fe9ea2
        711,0000,0000,7feb3d3,7fed009
        712,0000,0000,7feb0a5,7fed5ee
        713,0000,0000,7fe8355,7fed005
        714,0000,0000,7fe3b01,7fef4a3
        715,0000,0000,7fe1150,7ff4810
        716,0000,0000,7fe1eea,7ff9580
        717,0000,0000,7fe3b4d,7ffb388
        718,0000,0000,7fe32c8,7ffb9fd
        719,0000,0000,7fe0b30,7ffe12f
        720,0000,0000,7fdfc82,0003634
        721,0000,0000,7fe26c2,00087c6
        722,0000,0000,7fe66fa,000a607
        723,0000,0000,7fe84a0,000a0e3
        724,0000,0000,7fe7bcc,000b1f7
        725,0000,0000,7fe81c6,000ef99
        726,0000,0000,7febd8f,0012dfe
        727,0000,0000,7ff12e4,0013857
        728,0000,0000,7ff4618,001165d
        729,0000,0000,7ff49aa,0010244
        730,0000,0000,7ff4f3e,0011b8e
        731,0000,0000,7ff8499,0013d6c
        732,0000,0000,7ffd5d6,0012f8d
        733,0000,0000,00005e0,000f127
        734,0000,0000,7fffe73,000bb4b
        735,0000,0000,7ffecbd,000b662
        736,0000,0000,0000513,000c571
        737,0000,0000,0003d06,000ad71
        738,0000,0000,000582f,00064a5
        739,0000,0000,0003804,0002139
        740,0000,0000,0000485,0001302
        741,0000,0000,7fff7be,000255c
        742,0000,0000,000115c,0001b52
        743,0000,0000,000173e,7ffe183
        744,0000,0000,7ffe328,7ffa91e
        745,0000,0000,7ff9686,7ffa814
        746,0000,0000,7ff6fa6,7ffd22e
        747,0000,0000,7ff786b,7ffe95f
        748,0000,0000,7ff7a19,7ffd057
        749,0000,0000,7ff46ce,7ffb1a9
        750,0000,0000,7fef812,7ffc7c7
        751,0000,0000,7fece69,0000f42
        752,0000,0000,7fedd7c,0004a6a
        753,0000,0000,7fef2a1,0005215
        754,0000,0000,7fed8ca,0004917
        755,0000,0000,7fe9fc9,0006d61
        756,0000,0000,7fe889e,000c4ed
        757,0000,0000,7feafea,0011426
        758,0000,0000,7fee826,0012b11
        759,0000,0000,7fef576,0012427
        760,0000,0000,7fedd44,0013ffd
        761,0000,0000,7fedefa,0018e93
        762,0000,0000,7ff1fe2,001d887
        763,0000,0000,7ff7892,001e6d5
        764,0000,0000,7ffa7e8,001caee
        765,0000,0000,7ffa853,001c73b
        766,0000,0000,7ffb67a,001f686
        767,0000,0000,0000000,002279e
        768,0000,0000,000655d,0021d91
        769,0000,0000,000a1c5,001e0c3
        770,0000,0000,000a4f9,001b417
        771,0000,0000,000a7f0,001bd31
        772,0000,0000,000e069,001d269
        773,0000,0000,001386c,001b27a
        774,0000,0000,00169b3,0015bd4
        775,0000,0000,00159e4,001104c
        776,0000,0000,0013d31,000ff58
        777,0000,0000,001511a,00107ec
        778,0000,0000,0018a85,000e55b
        779,0000,0000,001a3bb,0008b55
        780,0000,0000,00178b8,000385c
        781,0000,0000,00137b0,000248e
        782,0000,0000,00124ea,0003823
        783,0000,0000,00140c8,0002ba5
        784,0000,0000,00147b5,7ffe757
        785,0000,0000,0010c50,7ffa449
        786,0000,0000,000b53a,7ffa192
        787,0000,0000,0008bbb,7ffd13e
        788,0000,0000,0009bdf,7ffea29
        789,0000,0000,000a52d,7ffc8ff
        790,0000,0000,0007146,7ff9f3f
        791,0000,0000,0001d3e,7ffb1f1
        792,0000,0000,7fff531,7fffd49
        793,0000,0000,000107b,000387d
        794,0000,0000,0003301,00034b7
        795,0000,0000,0001d4a,0001ae9
        796,0000,0000,7ffe17d,00034c0
        797,0000,0000,7ffcc67,00089bf
        798,0000,0000,000001f,000d352
        799,0000,0000,0004650,000d880
        800,0000,0000,0005743,000b89b
        801,0000,0000,00038f0,000c152
        802,0000,0000,00036f6,0010645
        803,0000,0000,0007e1c,001459a
        804,0000,0000,000df37,0013d92
        805,0000,0000,0010c18,0010350
        806,0000,0000,000fdde,000e724
        807,0000,0000,000fdc3,00109c8
        808,0000,0000,0014315,001300f
        809,0000,0000,001a7ef,00110ec
        810,0000,0000,001d970,000b6ae
        811,0000,0000,001c463,00072af
        812,0000,0000,001ae10,0007270
        813,0000,0000,001d84c,0008360
        814,0000,0000,0022862,000564f
        815,0000,0000,0024928,7ffe975
        816,0000,0000,0021b12,7ff8d21
        817,0000,0000,001de72,7ff7b09
        818,0000,0000,001dedb,7ff8a50
        819,0000,0000,0020e80,7ff667f
        820,0000,0000,00217e8,7ff007f
        821,0000,0000,001cf75,7fea532
        822,0000,0000,0016e9c,7fe9900
        823,0000,0000,0014974,7febda8
        824,0000,0000,0015fff,7feba95
        825,0000,0000,0015e46,7fe727e
        826,0000,0000,0010c5d,7fe2c29
        827,0000,0000,0009ac2,7fe3590
        828,0000,0000,0006461,7fe7bfc
        829,0000,0000,0007710,7fea3ef
        830,0000,0000,00081b7,7fe81a7
        831,0000,0000,000404a,7fe53c8
        832,0000,0000,7ffd7f3,7fe706d
        833,0000,0000,7ffa803,7fed1c5
        834,0000,0000,7ffcc48,7ff1ba2
        835,0000,0000,7fff80e,7ff140f
        836,0000,0000,7ffdb43,7feefef
        837,0000,0000,7ff8dba,7ff0c8f
        838,0000,0000,7ff7104,7ff7263
        839,0000,0000,7ffaed2,7ffc749
        840,0000,0000,00000ad,7ffc40e
        841,0000,0000,0000b80,7ff9279
        842,0000,0000,7ffd855,7ff961c
        843,0000,0000,7ffc8d0,7ffe732
        844,0000,0000,0001510,0003048
        845,0000,0000,0007f14,0001e14
        846,0000,0000,000a249,7ffce42
        847,0000,0000,000783c,7ffa923
        848,0000,0000,000611d,7ffd79f
        849,0000,0000,000a396,0000b90
        850,0000,0000,0010cab,7ffe6cd
        851,0000,0000,00130d1,7ff7946
        852,0000,0000,000f97c,7ff2e1b
        853,0000,0000,000c3b2,7ff3efe
        854,0000,0000,000e4dc,7ff674b
        855,0000,0000,00137a9,7ff3ef8
        856,0000,0000,0014bc6,7fec638
        857,0000,0000,000fa39,7fe6873
        858,0000,0000,0009ae8,7fe6fb0
        859,0000,0000,0009170,7fea285
        860,0000,0000,000c873,7fe8fbb
        861,0000,0000,000ccc5,7fe261e
        862,0000,0000,0006694,7fdce46
        863,0000,0000,7ffe63f,7fde1a8
        864,0000,0000,7ffbc1c,7fe33a4
        865,0000,0000,7ffe437,7fe4b3e
        866,0000,0000,7ffea8e,7fe0415
        867,0000,0000,7ff85d6,7fdc0e5
        868,0000,0000,7fefb8a,7fde9e7
        869,0000,0000,7fec752,7fe610b
        870,0000,0000,7fef75f,7fea73a
        871,0000,0000,7ff18d1,7fe840a
        872,0000,0000,7fecff0,7fe51d1
        873,0000,0000,7fe546f,7fe8699
        874,0000,0000,7fe2abb,7ff158e
        875,0000,0000,7fe7491,7ff7c18
        876,0000,0000,7fec24c,7ff6d38
        877,0000,0000,7fea58d,7ff387a
        878,0000,0000,7fe453c,7ff6139
        879,0000,0000,7fe2c77,7ffee38
        880,0000,0000,7fe916d,0005cad
        881,0000,0000,7ff0a7e,0004b47
        882,0000,0000,7ff174d,7fffc8e
        883,0000,0000,7fecb9b,000005b
        884,0000,0000,7feb701,00073a1
        885,0000,0000,7ff25bf,000d693
        886,0000,0000,7ffb7a2,000b3f8
        887,0000,0000,7ffdb8e,0003ec1
        888,0000,0000,7ff900a,00011b6
        889,0000,0000,7ff6731,0006250
        890,0000,0000,7ffc4f5,000b6e2
        891,0000,0000,000566c,0008664
        892,0000,0000,0007b84,7fff116
        893,0000,0000,0001b55,7ff9a75
        894,0000,0000,7ffc892,7ffd228
        895,0000,0000,0000000,000278c
        896,0000,0000,0007fe3,7fffdb8
        897,0000,0000,0009b19,7ff5e7f
        898,0000,0000,0001f27,7fef359
        899,0000,0000,7ff9c11,7ff26fa
        900,0000,0000,7ffa880,7ff9522
        901,0000,0000,000179a,7ff8cbd
        902,0000,0000,00030c0,7fefd2a
        903,0000,0000,7ffa521,7fe926e
        904,0000,0000,7fefe52,7fed39f
        905,0000,0000,7feece4,7ff6c1a
        906,0000,0000,7ff5ca8,7ff9724
        907,0000,0000,7ff8b20,7ff25ae
        908,0000,0000,7ff098f,7fec2a1
        909,0000,0000,7fe569c,7ff12eb
        910,0000,0000,7fe3c8a,7ffd61d
        911,0000,0000,7fec39b,00034a4
        912,0000,0000,7ff2156,7ffdd27
        913,0000,0000,7fec377,7ff75d6
        914,0000,0000,7fe1873,7ffc3b8
        915,0000,0000,7fe0406,0009fac
        916,0000,0000,7feaf8c,001215f
        917,0000,0000,7ff4b06,000d110
        918,0000,0000,7ff1cfc,0004c6f
        919,0000,0000,7fe7e12,0007aff
        920,0000,0000,7fe6b82,00155d1
        921,0000,0000,7ff35b9,001e5e2
        922,0000,0000,0000b02,0018845
        923,0000,0000,0000687,000cdd1
        924,0000,0000,7ff6509,000c34b
        925,0000,0000,7ff3de0,0018988
        926,0000,0000,0001002,0021daa
        927,0000,0000,0010ced,001ab66
        928,0000,0000,001203d,000b056
        929,0000,0000,0006305,00061c9
        930,0000,0000,00007ba,0011182
        931,0000,0000,000c5ba,001b326
        932,0000,0000,001d7db,00138f3
        933,0000,0000,001f41a,00004b2
        934,0000,0000,0010634,7ff77ac
        935,0000,0000,0005c76,0001ff8
        936,0000,0000,000f331,000eb03
        937,0000,0000,0021688,00085da
        938,0000,0000,0023e5b,7ff2a71
        939,0000,0000,0011ab3,7fe6acc
        940,0000,0000,000165f,7ff212b
        941,0000,0000,00083a3,0003911
        942,0000,0000,001caad,00009de
        943,0000,0000,0021872,7fe94b3
        944,0000,0000,000cb8f,7fda332
        945,0000,0000,7ff6b98,7fe73e4
        946,0000,0000,7ffba3c,7fff7c7
        947,0000,0000,0014bf5,00017b4
        948,0000,0000,001eec5,7fe81e5
        949,0000,0000,0008d5d,7fd42c4
        950,0000,0000,7fecba6,7fe24cc
        951,0000,0000,7ff041c,0002bf6
        952,0000,0000,0011495,000ab16
        953,0000,0000,0024b71,7fecfad
        954,0000,0000,000e28b,7fcfb1f
        955,0000,0000,7fe9730,7fdcbbf
        956,0000,0000,7fea939,00075dd
        957,0000,0000,0017c05,0016d13
        958,0000,0000,003a45d,7ff0047
        959,0000,0000,0022cf5,7fc01dc
        960,0000,0000,7fedb64,7fc7c3e
        961,0000,0000,7fe7afc,00022f8
        962,0000,0000,0029409,001ec05
        963,0000,0000,0068f97,7fe4bae
        964,0000,0000,004f4c8,7f89cab
        965,0000,0000,7ff1c76,7f7f317
        966,0000,0000,7fd2fff,7fdce67
        967,0000,0000,0048c03,001f601
        968,0000,0000,00f0284,7fa673d
        969,0000,0000,00e9992,7e80d26
        970,0000,0000,7fc0942,7d97ab0
        971,0000,0000,7e0db58,7de5610
        972,0000,0000,7d0e272,7f74876
        973,0000,0000,7d82cad,0139cae
        974,0000,0000,7efa67b,0200dee
        975,0000,0000,0043aee,01808cd
        976,0000,0000,008e541,008049f
        977,0000,0000,001173a,7ff98ac
        978,0000,0000,7f9f858,002bcc5
        979,0000,0000,7fb898c,0090017
        980,0000,0000,002049e,009443f
        981,0000,0000,004dea2,0039eb9
        982,0000,0000,0017451,7ff2f6e
        983,0000,0000,7fcf9fa,0007d6f
        984,0000,0000,7fd026c,0048aa1
        985,0000,0000,000c705,00590c1
        986,0000,0000,00303c8,0026260
        987,0000,0000,0010262,7ff3e63
        988,0000,0000,7fda608,7ffe779
        989,0000,0000,7fd35a4,0030339
        990,0000,0000,7ffdecb,0045163
        991,0000,0000,001e31c,0024a51
        992,0000,0000,000aef8,7ffccf4
        993,0000,0000,7fe05ac,000199f
        994,0000,0000,7fd6bbd,002a48b
        995,0000,0000,7ff86f2,0040eef
        996,0000,0000,0017d67,002a980
        997,0000,0000,000da18,00080e2
        998,0000,0000,7feb0a6,0007d6e
        999,0000,0000,7fe04aa,0029399
       1000,0000,0000,7ffc709,003fb09
       1001,0000,0000,001b7ea,002ed5a
       1002,0000,0000,001794e,000e730
       1003,0000,0000,7ffa43a,000924c
       1004,0000,0000,7fedf9b,0023f33
       1005,0000,0000,0005330,00393cb
       1006,0000,0000,00231fa,002b887
       1007,0000,0000,0022efb,000bdaa
       1008,0000,0000,0008534,0001e4a
       1009,0000,0000,7ff94ed,001739d
       1010,0000,0000,000b34a,002ba1f
       1011,0000,0000,0026f5a,0020a9e
       1012,0000,0000,00288d6,0001cff
       1013,0000,0000,000eca6,7ff47d0
       1014,0000,0000,7ffc2a4,000625b
       1015,0000,0000,00088f9,001b070
       1016,0000,0000,0021d66,0013a69
       1017,0000,0000,00247c1,7ff6b2e
       1018,0000,0000,000b004,7fe7b35
       1019,0000,0000,7ff4e2e,7ff7a41
       1020,0000,0000,7ffc84c,000e9ba
       1021,0000,0000,0014217,000bfaf
       1022,0000,0000,00187f9,7ff1f23
       1023,0000,0000,0000000,0000000
